Workbook

Sheet 00_LEGENDE
A1: LÉGENDE & RÉFÉRENTIEL — Fichier ANOMALIES_BUGS
A2: ⚠ Ne pas modifier cet onglet sans validation du chef de projet
A4: 📋 Sévérité
B5: Bloquant
B6: Majeur
B7: Mineur
B8: Cosmétique
A10: 📋 Priorité
B11: Critique
B12: Haute
B13: Moyenne
B14: Faible
A16: 📋 Statut
B17: Ouvert
B18: En cours
B19: Résolu
B20: Fermé
B21: Rejeté
A23: 📋 Phase détection
B24: Définition
B25: Conception
B26: Réalisation
B27: Tests
B28: Recette
B29: Déploiement
A31: 📋 Phase origine
B32: Définition
B33: Conception
B34: Réalisation
B35: Tests
B36: Recette
B37: Inconnu
A39: 📌 Convention d'identifiant & règles
B40: Format ID : ANO-NNN (ex. ANO-001)
B41: L'ID est unique et permanent — jamais réutilisé même si l'anomalie est fermée
B42: Colonne ID_EXG lié : référence l'ID de l'exigence impactée (ex. EXG-001)
B43: Toute modification de statut doit être recopiée dans l'onglet 03_HISTORIQUE
B44: Sévérité Bloquant = escalade immédiate au chef de projet

Sheet 01_ANOMALIES
A1: REGISTRE DES ANOMALIES & BUGS — Cycle en V
A2: ID_ANO | B2: Date détection | C2: Phase détection | D2: Phase origine | E2: Titre | F2: Description / Reproduction | G2: Sévérité | H2: Priorité | I2: Statut | J2: ID_EXG lié | K2: Assigné à | L2: Date cible | M2: Date résolution | N2: Version détection | O2: Version correction | P2: Commentaires
A3: ANO-001 | B3: 15/04/2026 | C3: Tests | D3: Réalisation | E3: Crash à la connexion SSO | F3: Reproduire en : 1) Ouvrir l'app 2) Cliquer Connexion SSO 3) Erreur 500. Message : NullPointerException | G3: Bloquant | H3: Critique | I3: Ouvert | J3: EXG-001 | K3: M. Bernard | L3: 20/04/2026 | N3: v1.2 | P3: À corriger avant validation recette
A4: ANO-002 | B4: 16/04/2026 | C4: Tests | D4: Conception | E4: Export PDF tronqué après 50 lignes | F4: Le PDF exporté ne contient que les 50 premières lignes du rapport | G4: Majeur | H4: Haute | I4: En cours | J4: EXG-004 | K4: M. Petit | L4: 22/04/2026 | N4: v1.2 | P4: Correction en cours – PR #142
A5: ANO-003 | B5: 17/04/2026 | C5: Recette | D5: Réalisation | E5: Logo mal centré sur mobile | F5: Le logo apparaît décalé de 5px à gauche sur Safari iOS 17 | G5: Cosmétique | H5: Faible | I5: Ouvert | K5: Mme. Roux | L5: 30/04/2026 | N5: v1.2 | P5: Non bloquant pour la livraison
A6: ANO-004 | B6: 18/04/2026 | C6: Tests | D6: Conception | E6: Droits d'accès : utilisateur voit données tiers | F6: Un utilisateur du périmètre A peut consulter les données du périmètre B | G6: Bloquant | H6: Critique | I6: En cours | J6: EXG-005 | K6: M. Bernard | L6: 19/04/2026 | N6: v1.2 | P6: Escalade CP — patch d'urgence en cours
A7: ANO-005 | B7: 19/04/2026 | C7: Tests | D7: Réalisation | E7: Temps de réponse > 5s sur dashboard | F7: Le dashboard principal met 6-8s à charger avec 50 utilisateurs simultanés | G7: Majeur | H7: Haute | I7: Ouvert | J7: EXG-002 | K7: M. Petit | L7: 25/04/2026 | N7: v1.2 | P7: Profiling à réaliser
A8: ANO-006
A9: ANO-007
A10: ANO-008
A11: ANO-009
A12: ANO-010
A13: ANO-011
A14: ANO-012
A15: ANO-013
A16: ANO-014
A17: ANO-015
A18: ANO-016
A19: ANO-017
... A202: ANO-200

Sheet 02_SYNTHESE_PHASE
A1: TABLEAU DE BORD — Anomalies par Phase du Cycle en V
A2: ⟳ Ce tableau se met à jour automatiquement dès que vous ajoutez des anomalies dans l'onglet 01_ANOMALIES
A3: Phase (détection) | B3: Total | C3: Ouvertes | D3: En cours | E3: Résolues | F3: Fermées | G3: Rejetées | H3: Bloquantes | I3: Majeures | J3: % Résolues
A4: Définition | B4: =COUNTIF('01_ANOMALIES'!$C$3:$C$202,"Définition") | C4: =COUNTIFS('01_ANOMALIES'!$C$3:$C$202,"Définition",'01_ANOMALIES'!$I$3:$I$202,"Ouvert") | D4: =COUNTIFS('01_ANOMALIES'!$C$3:$C$202,"Définition",'01_ANOMALIES'!$I$3:$I$202,"En cours") | E4: =COUNTIFS('01_ANOMALIES'!$C$3:$C$202,"Définition",'01_ANOMALIES'!$I$3:$I$202,"Résolu") | F4: =COUNTIFS('01_ANOMALIES'!$C$3:$C$202,"Définition",'01_ANOMALIES'!$I$3:$I$202,"Fermé") | G4: =COUNTIFS('01_ANOMALIES'!$C$3:$C$202,"Définition",'01_ANOMALIES'!$I$3:$I$202,"Rejeté") | H4: =COUNTIFS('01_ANOMALIES'!$C$3:$C$202,"Définition",'01_ANOMALIES'!$G$3:$G$202,"Bloquant") | I4: =COUNTIFS('01_ANOMALIES'!$C$3:$C$202,"Définition",'01_ANOMALIES'!$G$3:$G$202,"Majeur") | J4: =IF(B4=0,0,(E4+F4)/B4)
A5: Conception | B5: =COUNTIF('01_ANOMALIES'!$C$3:$C$202,"Conception") | C5: =COUNTIFS('01_ANOMALIES'!$C$3:$C$202,"Conception",'01_ANOMALIES'!$I$3:$I$202,"Ouvert") | D5: =COUNTIFS('01_ANOMALIES'!$C$3:$C$202,"Conception",'01_ANOMALIES'!$I$3:$I$202,"En cours") | E5: =COUNTIFS('01_ANOMALIES'!$C$3:$C$202,"Conception",'01_ANOMALIES'!$I$3:$I$202,"Résolu") | F5: =COUNTIFS('01_ANOMALIES'!$C$3:$C$202,"Conception",'01_ANOMALIES'!$I$3:$I$202,"Fermé") | G5: =COUNTIFS('01_ANOMALIES'!$C$3:$C$202,"Conception",'01_ANOMALIES'!$I$3:$I$202,"Rejeté") | H5: =COUNTIFS('01_ANOMALIES'!$C$3:$C$202,"Conception",'01_ANOMALIES'!$G$3:$G$202,"Bloquant") | I5: =COUNTIFS('01_ANOMALIES'!$C$3:$C$202,"Conception",'01_ANOMALIES'!$G$3:$G$202,"Majeur") | J5: =IF(B5=0,0,(E5+F5)/B5)
A6: Réalisation | B6: =COUNTIF('01_ANOMALIES'!$C$3:$C$202,"Réalisation") | C6: =COUNTIFS('01_ANOMALIES'!$C$3:$C$202,"Réalisation",'01_ANOMALIES'!$I$3:$I$202,"Ouvert") | D6: =COUNTIFS('01_ANOMALIES'!$C$3:$C$202,"Réalisation",'01_ANOMALIES'!$I$3:$I$202,"En cours") | E6: =COUNTIFS('01_ANOMALIES'!$C$3:$C$202,"Réalisation",'01_ANOMALIES'!$I$3:$I$202,"Résolu") | F6: =COUNTIFS('01_ANOMALIES'!$C$3:$C$202,"Réalisation",'01_ANOMALIES'!$I$3:$I$202,"Fermé") | G6: =COUNTIFS('01_ANOMALIES'!$C$3:$C$202,"Réalisation",'01_ANOMALIES'!$I$3:$I$202,"Rejeté") | H6: =COUNTIFS('01_ANOMALIES'!$C$3:$C$202,"Réalisation",'01_ANOMALIES'!$G$3:$G$202,"Bloquant") | I6: =COUNTIFS('01_ANOMALIES'!$C$3:$C$202,"Réalisation",'01_ANOMALIES'!$G$3:$G$202,"Majeur") | J6: =IF(B6=0,0,(E6+F6)/B6)
A7: Tests | B7: =COUNTIF('01_ANOMALIES'!$C$3:$C$202,"Tests") | C7: =COUNTIFS('01_ANOMALIES'!$C$3:$C$202,"Tests",'01_ANOMALIES'!$I$3:$I$202,"Ouvert") | D7: =COUNTIFS('01_ANOMALIES'!$C$3:$C$202,"Tests",'01_ANOMALIES'!$I$3:$I$202,"En cours") | E7: =COUNTIFS('01_ANOMALIES'!$C$3:$C$202,"Tests",'01_ANOMALIES'!$I$3:$I$202,"Résolu") | F7: =COUNTIFS('01_ANOMALIES'!$C$3:$C$202,"Tests",'01_ANOMALIES'!$I$3:$I$202,"Fermé") | G7: =COUNTIFS('01_ANOMALIES'!$C$3:$C$202,"Tests",'01_ANOMALIES'!$I$3:$I$202,"Rejeté") | H7: =COUNTIFS('01_ANOMALIES'!$C$3:$C$202,"Tests",'01_ANOMALIES'!$G$3:$G$202,"Bloquant") | I7: =COUNTIFS('01_ANOMALIES'!$C$3:$C$202,"Tests",'01_ANOMALIES'!$G$3:$G$202,"Majeur") | J7: =IF(B7=0,0,(E7+F7)/B7)
A8: Recette | B8: =COUNTIF('01_ANOMALIES'!$C$3:$C$202,"Recette") | C8: =COUNTIFS('01_ANOMALIES'!$C$3:$C$202,"Recette",'01_ANOMALIES'!$I$3:$I$202,"Ouvert") | D8: =COUNTIFS('01_ANOMALIES'!$C$3:$C$202,"Recette",'01_ANOMALIES'!$I$3:$I$202,"En cours") | E8: =COUNTIFS('01_ANOMALIES'!$C$3:$C$202,"Recette",'01_ANOMALIES'!$I$3:$I$202,"Résolu") | F8: =COUNTIFS('01_ANOMALIES'!$C$3:$C$202,"Recette",'01_ANOMALIES'!$I$3:$I$202,"Fermé") | G8: =COUNTIFS('01_ANOMALIES'!$C$3:$C$202,"Recette",'01_ANOMALIES'!$I$3:$I$202,"Rejeté") | H8: =COUNTIFS('01_ANOMALIES'!$C$3:$C$202,"Recette",'01_ANOMALIES'!$G$3:$G$202,"Bloquant") | I8: =COUNTIFS('01_ANOMALIES'!$C$3:$C$202,"Recette",'01_ANOMALIES'!$G$3:$G$202,"Majeur") | J8: =IF(B8=0,0,(E8+F8)/B8)
A9: Déploiement | B9: =COUNTIF('01_ANOMALIES'!$C$3:$C$202,"Déploiement") | C9: =COUNTIFS('01_ANOMALIES'!$C$3:$C$202,"Déploiement",'01_ANOMALIES'!$I$3:$I$202,"Ouvert") | D9: =COUNTIFS('01_ANOMALIES'!$C$3:$C$202,"Déploiement",'01_ANOMALIES'!$I$3:$I$202,"En cours") | E9: =COUNTIFS('01_ANOMALIES'!$C$3:$C$202,"Déploiement",'01_ANOMALIES'!$I$3:$I$202,"Résolu") | F9: =COUNTIFS('01_ANOMALIES'!$C$3:$C$202,"Déploiement",'01_ANOMALIES'!$I$3:$I$202,"Fermé") | G9: =COUNTIFS('01_ANOMALIES'!$C$3:$C$202,"Déploiement",'01_ANOMALIES'!$I$3:$I$202,"Rejeté") | H9: =COUNTIFS('01_ANOMALIES'!$C$3:$C$202,"Déploiement",'01_ANOMALIES'!$G$3:$G$202,"Bloquant") | I9: =COUNTIFS('01_ANOMALIES'!$C$3:$C$202,"Déploiement",'01_ANOMALIES'!$G$3:$G$202,"Majeur") | J9: =IF(B9=0,0,(E9+F9)/B9)
A10: TOTAL | B10: =SUM(B4:B9) | C10: =SUM(C4:C9) | D10: =SUM(D4:D9) | E10: =SUM(E4:E9) | F10: =SUM(F4:F9) | G10: =SUM(G4:G9) | H10: =SUM(H4:H9) | I10: =SUM(I4:I9) | J10: =IF(B10=0,0,(E10+F10)/B10)
A13: Légende statuts :
A14: Ouvert | B14: En cours | C14: Résolu / Fermé | D14: Rejeté

Sheet 03_HISTORIQUE
A1: HISTORIQUE DES CHANGEMENTS — Journal Immuable
A2: 🔒 Cet onglet ne doit jamais être supprimé ni modifié rétroactivement. Ajouter une ligne à chaque changement de statut.
A3: Horodatage | B3: ID_ANO | C3: Ancien statut | D3: Nouveau statut | E3: Modifié par | F3: Version | G3: Commentaire
A4: 15/04/2026 10:30 | B4: ANO-001 | C4: — | D4: Ouvert | E4: M. Bernard | F4: v1.2 | G4: Anomalie créée suite aux tests de connexion
A5: 16/04/2026 09:15 | B5: ANO-002 | C5: — | D5: Ouvert | E5: M. Petit | F5: v1.2 | G5: Anomalie créée suite à la revue des exports
A6: 17/04/2026 14:00 | B6: ANO-002 | C6: Ouvert | D6: En cours | E6: M. Petit | F6: v1.2 | G6: Prise en charge — PR #142 ouverte
A7: 18/04/2026 08:45 | B7: ANO-004 | C7: — | D7: Ouvert | E7: M. Bernard | F7: v1.2 | G7: Anomalie critique — escalade CP effectuée
A8: 18/04/2026 15:00 | B8: ANO-004 | C8: Ouvert | D8: En cours | E8: M. Bernard | F8: v1.2 | G8: Patch d'urgence en développement
