Workbook

Sheet 00_LEGENDE
A1: LÉGENDE & RÉFÉRENTIEL — Fichier EXIGENCES_BESOINS
A2: ⚠ Ne pas modifier cet onglet sans validation du chef de projet
A4: 📋 Catégorie
B5: Fonctionnel
B6: Non-fonctionnel
B7: Réglementaire
B8: Technique
B9: Sécurité
A11: 📋 Priorité
B12: Critique
B13: Haute
B14: Moyenne
B15: Faible
A17: 📋 Source
B18: Client
B19: MOA
B20: MOE
B21: Réglementaire
B22: Interne
A24: 📋 Phase V-cycle
B25: Définition
B26: Conception
B27: Réalisation
B28: Tests
B29: Recette
B30: Déploiement
A32: 📋 Statut
B33: En attente
B34: Validé
B35: Gelé
B36: Abandonné
B37: En révision
A39: 📌 Convention d'identifiant
B40: Format ID : EXG-NNN (ex. EXG-001, EXG-042)
B41: L'ID est unique et permanent — jamais réutilisé, même si l'exigence est abandonnée
B42: Colonne ID_SPEC_LIE : séparer les IDs par une virgule (ex. SPEC-001, SPEC-002)
B43: Colonne ID_TEST_LIE : séparer les IDs par une virgule (ex. TST-001, TST-002)

Sheet 01_EXIGENCES
A1: REGISTRE DES EXIGENCES & BESOINS — Cycle en V
A2: ID_EXG | B2: Catégorie | C2: Titre | D2: Description | E2: Priorité | F2: Source | G2: Phase V-cycle | H2: Statut | I2: Responsable | J2: Date validation | K2: ID_SPEC lié | L2: ID_TEST lié | M2: Taux couverture | N2: Commentaires
A3: EXG-001 | B3: Fonctionnel | C3: Authentification SSO | D3: L'utilisateur doit pouvoir se connecter via le SSO d'entreprise (SAML 2.0) | E3: Critique | F3: Client | G3: Définition | H3: Validé | I3: M. Dupont | J3: 15/04/2026 | K3: SPEC-001, SPEC-002 | L3: TST-001 | N3: Validé en revue du 10/04/2026
A4: EXG-002 | B4: Non-fonctionnel | C4: Temps de réponse < 2s | D4: Toutes les pages doivent se charger en moins de 2 secondes à charge nominale | E4: Haute | F4: MOA | G4: Conception | H4: En attente | I4: M. Martin | K4: SPEC-003 | N4: À affiner avec l'architecte
A5: EXG-003 | B5: Réglementaire | C5: Conformité RGPD | D5: Les données personnelles doivent être chiffrées au repos et en transit | E5: Critique | F5: Réglementaire | G5: Définition | H5: Validé | I5: Mme. Leclerc | J5: 12/04/2026 | K5: SPEC-004 | L5: TST-005, TST-006 | N5: Exigence légale — non négociable
A6: EXG-004 | B6: Fonctionnel | C6: Export PDF des rapports | D6: L'utilisateur peut exporter n'importe quel rapport en PDF | E6: Moyenne | F6: Client | G6: Réalisation | H6: En révision | I6: M. Dupont | N6: En attente validation MOA
A7: EXG-005 | B7: Sécurité | C7: Gestion des droits d'accès | D7: Chaque utilisateur ne voit que les données de son périmètre | E7: Critique | F7: MOA | G7: Conception | H7: Validé | I7: Mme. Leclerc | J7: 18/04/2026 | K7: SPEC-005 | N7: Matrice des droits à produire
A8: EXG-006
A9: EXG-007
A10: EXG-008
A11: EXG-009
A12: EXG-010
A13: EXG-011
A14: EXG-012
A15: EXG-013
A16: EXG-014
A17: EXG-015
A18: EXG-016
A19: EXG-017
... A202: EXG-200

Sheet 02_SYNTHESE_PHASE
A1: TABLEAU DE BORD — Avancement par Phase du Cycle en V
A2: ⟳ Ce tableau se met à jour automatiquement dès que vous ajoutez des exigences dans l'onglet 01_EXIGENCES
A3: Phase V-cycle | B3: Total EXG | C3: Validées | D3: En attente | E3: En révision | F3: Gelées | G3: Abandonnées | H3: % Avancement
A4: Définition | B4: =COUNTIF('01_EXIGENCES'!$G$3:$G$202,"Définition") | C4: =COUNTIFS('01_EXIGENCES'!$G$3:$G$202,"Définition",'01_EXIGENCES'!$H$3:$H$202,"Validé") | D4: =COUNTIFS('01_EXIGENCES'!$G$3:$G$202,"Définition",'01_EXIGENCES'!$H$3:$H$202,"En attente") | E4: =COUNTIFS('01_EXIGENCES'!$G$3:$G$202,"Définition",'01_EXIGENCES'!$H$3:$H$202,"En révision") | F4: =COUNTIFS('01_EXIGENCES'!$G$3:$G$202,"Définition",'01_EXIGENCES'!$H$3:$H$202,"Gelé") | G4: =COUNTIFS('01_EXIGENCES'!$G$3:$G$202,"Définition",'01_EXIGENCES'!$H$3:$H$202,"Abandonné") | H4: =IF(B4=0,0,C4/B4)
A5: Conception | B5: =COUNTIF('01_EXIGENCES'!$G$3:$G$202,"Conception") | C5: =COUNTIFS('01_EXIGENCES'!$G$3:$G$202,"Conception",'01_EXIGENCES'!$H$3:$H$202,"Validé") | D5: =COUNTIFS('01_EXIGENCES'!$G$3:$G$202,"Conception",'01_EXIGENCES'!$H$3:$H$202,"En attente") | E5: =COUNTIFS('01_EXIGENCES'!$G$3:$G$202,"Conception",'01_EXIGENCES'!$H$3:$H$202,"En révision") | F5: =COUNTIFS('01_EXIGENCES'!$G$3:$G$202,"Conception",'01_EXIGENCES'!$H$3:$H$202,"Gelé") | G5: =COUNTIFS('01_EXIGENCES'!$G$3:$G$202,"Conception",'01_EXIGENCES'!$H$3:$H$202,"Abandonné") | H5: =IF(B5=0,0,C5/B5)
A6: Réalisation | B6: =COUNTIF('01_EXIGENCES'!$G$3:$G$202,"Réalisation") | C6: =COUNTIFS('01_EXIGENCES'!$G$3:$G$202,"Réalisation",'01_EXIGENCES'!$H$3:$H$202,"Validé") | D6: =COUNTIFS('01_EXIGENCES'!$G$3:$G$202,"Réalisation",'01_EXIGENCES'!$H$3:$H$202,"En attente") | E6: =COUNTIFS('01_EXIGENCES'!$G$3:$G$202,"Réalisation",'01_EXIGENCES'!$H$3:$H$202,"En révision") | F6: =COUNTIFS('01_EXIGENCES'!$G$3:$G$202,"Réalisation",'01_EXIGENCES'!$H$3:$H$202,"Gelé") | G6: =COUNTIFS('01_EXIGENCES'!$G$3:$G$202,"Réalisation",'01_EXIGENCES'!$H$3:$H$202,"Abandonné") | H6: =IF(B6=0,0,C6/B6)
A7: Tests | B7: =COUNTIF('01_EXIGENCES'!$G$3:$G$202,"Tests") | C7: =COUNTIFS('01_EXIGENCES'!$G$3:$G$202,"Tests",'01_EXIGENCES'!$H$3:$H$202,"Validé") | D7: =COUNTIFS('01_EXIGENCES'!$G$3:$G$202,"Tests",'01_EXIGENCES'!$H$3:$H$202,"En attente") | E7: =COUNTIFS('01_EXIGENCES'!$G$3:$G$202,"Tests",'01_EXIGENCES'!$H$3:$H$202,"En révision") | F7: =COUNTIFS('01_EXIGENCES'!$G$3:$G$202,"Tests",'01_EXIGENCES'!$H$3:$H$202,"Gelé") | G7: =COUNTIFS('01_EXIGENCES'!$G$3:$G$202,"Tests",'01_EXIGENCES'!$H$3:$H$202,"Abandonné") | H7: =IF(B7=0,0,C7/B7)
A8: Recette | B8: =COUNTIF('01_EXIGENCES'!$G$3:$G$202,"Recette") | C8: =COUNTIFS('01_EXIGENCES'!$G$3:$G$202,"Recette",'01_EXIGENCES'!$H$3:$H$202,"Validé") | D8: =COUNTIFS('01_EXIGENCES'!$G$3:$G$202,"Recette",'01_EXIGENCES'!$H$3:$H$202,"En attente") | E8: =COUNTIFS('01_EXIGENCES'!$G$3:$G$202,"Recette",'01_EXIGENCES'!$H$3:$H$202,"En révision") | F8: =COUNTIFS('01_EXIGENCES'!$G$3:$G$202,"Recette",'01_EXIGENCES'!$H$3:$H$202,"Gelé") | G8: =COUNTIFS('01_EXIGENCES'!$G$3:$G$202,"Recette",'01_EXIGENCES'!$H$3:$H$202,"Abandonné") | H8: =IF(B8=0,0,C8/B8)
A9: Déploiement | B9: =COUNTIF('01_EXIGENCES'!$G$3:$G$202,"Déploiement") | C9: =COUNTIFS('01_EXIGENCES'!$G$3:$G$202,"Déploiement",'01_EXIGENCES'!$H$3:$H$202,"Validé") | D9: =COUNTIFS('01_EXIGENCES'!$G$3:$G$202,"Déploiement",'01_EXIGENCES'!$H$3:$H$202,"En attente") | E9: =COUNTIFS('01_EXIGENCES'!$G$3:$G$202,"Déploiement",'01_EXIGENCES'!$H$3:$H$202,"En révision") | F9: =COUNTIFS('01_EXIGENCES'!$G$3:$G$202,"Déploiement",'01_EXIGENCES'!$H$3:$H$202,"Gelé") | G9: =COUNTIFS('01_EXIGENCES'!$G$3:$G$202,"Déploiement",'01_EXIGENCES'!$H$3:$H$202,"Abandonné") | H9: =IF(B9=0,0,C9/B9)
A10: TOTAL | B10: =SUM(B4:B9) | C10: =SUM(C4:C9) | D10: =SUM(D4:D9) | E10: =SUM(E4:E9) | F10: =SUM(F4:F9) | G10: =SUM(G4:G9) | H10: =IF(B10=0,0,C10/B10)
A13: Légende des statuts :
A14: Validé | B14: En attente | C14: En révision | D14: Gelé | E14: Abandonné
