Workbook

Sheet Backlog
A1: PROJ-001 — Refonte SI Gestion des Incidents
A2: Chef de projet : M. Dupont | D2: Phase courante : Conception Générale | G2: Début : 01/03/2025 | I2: Fin prévue : 30/09/2025
A4: ID | B4: Phase Cycle en V | C4: Titre de l'Item | D4: Responsable | E4: Priorité | F4: Effort (j) | G4: Date Début | H4: Date Fin | I4: Statut | J4: Dépendances | K4: Commentaires
A5: BL-001 | B5: Expression des Besoins | C5: Cartographie des processus de gestion des incidents | D5: M. Dupont | E5: P1 | F5: 8 | G5: 01/03/2025 | H5: 14/03/2025 | I5: Terminé | K5: Livrables validés en atelier métier
A6: BL-002 | B6: Conception Générale | C6: Rédaction du dossier d'architecture applicative cible | D6: M. Dupont | E6: P1 | F6: 13 | G6: 17/03/2025 | H6: 04/04/2025 | I6: En cours | K6: Dépend BL-001
A7: BL-003 | B7: Conception Générale | C7: Revue des interfaces avec les systèmes tiers (ITSM, AD) | D7: Mme Simon | E7: P2 | F7: 5 | G7: 07/04/2025 | H7: 11/04/2025 | I7: A faire | J7: BL-002
A8: BL-004 | B8: Conception Générale | C8: Validation de l'architecture en COPIL technique | D8: M. Dupont | E8: P1 | F8: 2 | G8: 14/04/2025 | H8: 15/04/2025 | I8: A faire | J8: BL-002 | K8: Nécessite présence DSI
A9: BL-005 | B9: Conception Détaillée | C9: Spécification des API REST entre modules | D9: Equipe Dev | E9: P1 | F9: 10 | G9: 22/04/2025 | H9: 05/05/2025 | I9: A faire | J9: BL-004
A10: BL-006 | B10: Conception Détaillée | C10: Modélisation UML des classes métier incidents | D10: M. Lefort | E10: P2 | F10: 8 | G10: 22/04/2025 | H10: 02/05/2025 | I10: A faire | J10: BL-004
A11: BL-007 | B11: Réalisation | C11: Développement module création/mise à jour des incidents | D11: Equipe Dev | E11: P1 | F11: 20 | G11: 12/05/2025 | H11: 06/06/2025 | I11: A faire | J11: BL-005
A12: BL-008 | B12: Réalisation | C12: Développement module notification et escalade | D12: Equipe Dev | E12: P1 | F12: 15 | G12: 12/05/2025 | H12: 30/05/2025 | I12: A faire | J12: BL-005
A13: BL-009 | B13: Réalisation | C13: Développement connecteur LDAP / Active Directory | D13: M. Lefort | E13: P2 | F13: 10 | G13: 02/06/2025 | H13: 13/06/2025 | I13: A faire | J13: BL-006
A14: BL-010 | B14: Intégration | C14: Tests d'intégration entre modules | D14: Equipe QA | E14: P1 | F14: 8 | G14: 16/06/2025 | H14: 25/06/2025 | I14: A faire | J14: BL-007;BL-008
A15: BL-011 | B15: Recette | C15: Rédaction des cas de test fonctionnels | D15: M. Dupont | E15: P1 | F15: 6 | G15: 30/06/2025 | H15: 07/07/2025 | I15: A faire | J15: BL-010
A16: BL-012 | B16: Recette | C16: Exécution des tests de non-régression (TNR) | D16: Equipe QA | E16: P1 | F16: 5 | G16: 08/07/2025 | H16: 14/07/2025 | I16: A faire | J16: BL-011
A17: BL-013 | B17: Recette | C17: Correction des anomalies sévérité 1 et 2 | D17: Equipe Dev | E17: P1 | F17: 8 | G17: 15/07/2025 | H17: 24/07/2025 | I17: A faire | J17: BL-012
A18: BL-014 | B18: Recette | C18: Validation et signature PV de recette | D18: M. Dupont | E18: P1 | F18: 2 | G18: 25/07/2025 | H18: 28/07/2025 | I18: A faire | J18: BL-013
A19: BL-015 | B19: Déploiement | C19: Mise en production et documentation | D19: Equipe Dev | E19: P1 | F19: 5 | G19: 01/09/2025 | H19: 05/09/2025 | I19: A faire | J19: BL-014

Sheet Tableau de bord
A1: Tableau de bord — PROJ-001 — Refonte SI Gestion des Incidents
A3: Indicateur | B3: Nb items | C3: % du total
A4: Total items | B4: =COUNTA(Backlog!A5:A19) -> 15 | C4: =IF(B4=0,0,B4/B4) -> 1
A5: Terminé | B5: =COUNTIF(Backlog!I5:I19,"Terminé") -> 1 | C5: =IF(B5=0,0,B5/B4) -> 0.066666667
A6: En cours | B6: =COUNTIF(Backlog!I5:I19,"En cours") -> 1 | C6: =IF(B6=0,0,B6/B4) -> 0.066666667
A7: A faire | B7: =COUNTIF(Backlog!I5:I19,"A faire") -> 13 | C7: =IF(B7=0,0,B7/B4) -> 0.86666667
A8: Bloqué | B8: =COUNTIF(Backlog!I5:I19,"Bloqué") -> 0 | C8: =IF(B8=0,0,B8/B4) -> 0
A9: Annulé | B9: =COUNTIF(Backlog!I5:I19,"Annulé") -> 0 | C9: =IF(B9=0,0,B9/B4) -> 0
A11: Phase Cycle en V | B11: Nb items | C11: Terminé | D11: En cours | E11: A faire | F11: % Terminé
A12: Expression des Besoins | B12: =COUNTIF(Backlog!B5:B19,"Expression des Besoins") -> 1 | C12: =COUNTIFS(Backlog!B5:B19,"Expression des Besoins",Backlog!I5:I19,"Terminé") -> 1 | D12: =COUNTIFS(Backlog!B5:B19,"Expression des Besoins",Backlog!I5:I19,"En cours") -> 0 | E12: =COUNTIFS(Backlog!B5:B19,"Expression des Besoins",Backlog!I5:I19,"A faire") -> 0 | F12: =IF(B12=0,0,C12/B12) -> 1
A13: Conception Générale | B13: =COUNTIF(Backlog!B5:B19,"Conception Générale") -> 3 | C13: =COUNTIFS(Backlog!B5:B19,"Conception Générale",Backlog!I5:I19,"Terminé") -> 0 | D13: =COUNTIFS(Backlog!B5:B19,"Conception Générale",Backlog!I5:I19,"En cours") -> 1 | E13: =COUNTIFS(Backlog!B5:B19,"Conception Générale",Backlog!I5:I19,"A faire") -> 2 | F13: =IF(B13=0,0,C13/B13) -> 0
A14: Conception Détaillée | B14: =COUNTIF(Backlog!B5:B19,"Conception Détaillée") -> 2 | C14: =COUNTIFS(Backlog!B5:B19,"Conception Détaillée",Backlog!I5:I19,"Terminé") -> 0 | D14: =COUNTIFS(Backlog!B5:B19,"Conception Détaillée",Backlog!I5:I19,"En cours") -> 0 | E14: =COUNTIFS(Backlog!B5:B19,"Conception Détaillée",Backlog!I5:I19,"A faire") -> 2 | F14: =IF(B14=0,0,C14/B14) -> 0
A15: Réalisation | B15: =COUNTIF(Backlog!B5:B19,"Réalisation") -> 3 | C15: =COUNTIFS(Backlog!B5:B19,"Réalisation",Backlog!I5:I19,"Terminé") -> 0 | D15: =COUNTIFS(Backlog!B5:B19,"Réalisation",Backlog!I5:I19,"En cours") -> 0 | E15: =COUNTIFS(Backlog!B5:B19,"Réalisation",Backlog!I5:I19,"A faire") -> 3 | F15: =IF(B15=0,0,C15/B15) -> 0
A16: Intégration | B16: =COUNTIF(Backlog!B5:B19,"Intégration") -> 1 | C16: =COUNTIFS(Backlog!B5:B19,"Intégration",Backlog!I5:I19,"Terminé") -> 0 | D16: =COUNTIFS(Backlog!B5:B19,"Intégration",Backlog!I5:I19,"En cours") -> 0 | E16: =COUNTIFS(Backlog!B5:B19,"Intégration",Backlog!I5:I19,"A faire") -> 1 | F16: =IF(B16=0,0,C16/B16) -> 0
A17: Recette | B17: =COUNTIF(Backlog!B5:B19,"Recette") -> 4 | C17: =COUNTIFS(Backlog!B5:B19,"Recette",Backlog!I5:I19,"Terminé") -> 0 | D17: =COUNTIFS(Backlog!B5:B19,"Recette",Backlog!I5:I19,"En cours") -> 0 | E17: =COUNTIFS(Backlog!B5:B19,"Recette",Backlog!I5:I19,"A faire") -> 4 | F17: =IF(B17=0,0,C17/B17) -> 0
A18: Déploiement | B18: =COUNTIF(Backlog!B5:B19,"Déploiement") -> 1 | C18: =COUNTIFS(Backlog!B5:B19,"Déploiement",Backlog!I5:I19,"Terminé") -> 0 | D18: =COUNTIFS(Backlog!B5:B19,"Déploiement",Backlog!I5:I19,"En cours") -> 0 | E18: =COUNTIFS(Backlog!B5:B19,"Déploiement",Backlog!I5:I19,"A faire") -> 1 | F18: =IF(B18=0,0,C18/B18) -> 0
A20: Effort total estimé (j) | B20: =SUM(Backlog!F5:F19) -> 0
A21: Effort réalisé estimé (j) | B21: =SUMIF(Backlog!I5:I19,"Terminé",Backlog!F5:F19) -> 0
A22: Effort restant (j) | B22: =B20-B21 -> 0
A23: Taux de complétion (effort) | B23: =IF(B20=0,0,B21/B20) -> 0

Sheet Fiche Item (modèle)
A1: FICHE ITEM BACKLOG — MODELE
A2: Identifiant * | B2: [BL-XXX]
A3: Projet associé * | B3: PROJ-001 — Refonte SI Gestion des Incidents
A4: Titre * | B4: [Intitulé court et explicite de l'item]
A5: Phase Cycle en V * | B5: [Expression des Besoins / Conception Générale / Conception Détaillée / Réalisation / Intégration / Recette / Déploiement]
A6: Description * | B6: [Description détaillée : tâche, livrables attendus, périmètre fonctionnel ou technique]
A7: Critères d'acceptation * | B7: [Conditions précises pour valider que l'item est terminé — Definition of Done]
A8: Priorité * | B8: [P1 — Critique / P2 — Haute / P3 — Normale / P4 — Faible]
A9: Effort estimé (j) * | B9: [Estimation en jours-hommes, granularité 0,5j]
A10: Responsable * | B10: [Nom Prénom / Equipe]
A11: Participants / Relecteurs | B11: [Autres intervenants]
A12: Date de début prévue | B12: [JJ/MM/AAAA]
A13: Date de fin prévue | B13: [JJ/MM/AAAA]
... A18: Historique des modifications | B18: [JJ/MM/AAAA — Auteur — Nature de la modification]
